Date,Start (ET),Visitor/Neutral,PTS,Home/Neutral,PTS.1,Unnamed: 6,Unnamed: 7,Attend.,Notes
"Tue, Oct 17, 2017",8:01p,Boston Celtics,99,Cleveland Cavaliers,102,Box Score,,20562,
"Tue, Oct 17, 2017",10:30p,Houston Rockets,122,Golden State Warriors,121,Box Score,,19596,
"Wed, Oct 18, 2017",7:00p,Charlotte Hornets,90,Detroit Pistons,102,Box Score,,20491,
"Wed, Oct 18, 2017",7:00p,Brooklyn Nets,131,Indiana Pacers,140,Box Score,,15008,
"Wed, Oct 18, 2017",7:00p,Miami Heat,109,Orlando Magic,116,Box Score,,18846,
"Wed, Oct 18, 2017",7:00p,Philadelphia 76ers,115,Washington Wizards,120,Box Score,,20356,
"Wed, Oct 18, 2017",7:30p,Milwaukee Bucks,108,Boston Celtics,100,Box Score,,18624,
"Wed, Oct 18, 2017",8:00p,New Orleans Pelicans,91,Memphis Grizzlies,103,Box Score,,17794,
"Wed, Oct 18, 2017",8:30p,Atlanta Hawks,117,Dallas Mavericks,111,Box Score,,19709,
"Wed, Oct 18, 2017",9:00p,Denver Nuggets,96,Utah Jazz,106,Box Score,,17588,
"Wed, Oct 18, 2017",9:30p,Minnesota Timberwolves,99,San Antonio Spurs,107,Box Score,,18418,
"Wed, Oct 18, 2017",10:00p,Portland Trail Blazers,124,Phoenix Suns,76,Box Score,,18055,
"Wed, Oct 18, 2017",10:00p,Houston Rockets,105,Sacramento Kings,100,Box Score,,17583,
"Thu, Oct 19, 2017",7:30p,Chicago Bulls,100,Toronto Raptors,117,Box Score,,19800,
"Thu, Oct 19, 2017",8:00p,New York Knicks,84,Oklahoma City Thunder,105,Box Score,,18203,
"Thu, Oct 19, 2017",10:30p,Los Angeles Clippers,108,Los Angeles Lakers,92,Box Score,,18997,
"Fri, Oct 20, 2017",7:00p,Atlanta Hawks,91,Charlotte Hornets,109,Box Score,,18417,
"Fri, Oct 20, 2017",7:00p,Portland Trail Blazers,114,Indiana Pacers,96,Box Score,,15325,
"Fri, Oct 20, 2017",7:00p,Cleveland Cavaliers,116,Milwaukee Bucks,97,Box Score,,18717,
"Fri, Oct 20, 2017",7:00p,Boston Celtics,102,Philadelphia 76ers,92,Box Score,,20816,
Date,Start (ET),Visitor/Neutral,PTS,Home/Neutral,PTS,,,Attend.,Notes
"Fri, Oct 20, 2017",7:00p,Detroit Pistons,111,Washington Wizards,115,Box Score,,16337,
"Fri, Oct 20, 2017",7:30p,Orlando Magic,121,Brooklyn Nets,126,Box Score,,16144,
"Fri, Oct 20, 2017",8:00p,Utah Jazz,97,Minnesota Timberwolves,100,Box Score,,18978,
"Fri, Oct 20, 2017",8:30p,Sacramento Kings,93,Dallas Mavericks,88,Box Score,,19273,
"Fri, Oct 20, 2017",9:30p,Golden State Warriors,128,New Orleans Pelicans,120,Box Score,,18171,
"Fri, Oct 20, 2017",10:00p,Los Angeles Lakers,132,Phoenix Suns,130,Box Score,,18055,
"Sat, Oct 21, 2017",7:30p,Philadelphia 76ers,94,Toronto Raptors,128,Box Score,,19800,
"Sat, Oct 21, 2017",8:00p,San Antonio Spurs,87,Chicago Bulls,77,Box Score,,21640,
"Sat, Oct 21, 2017",8:00p,Orlando Magic,114,Cleveland Cavaliers,93,Box Score,,20562,
"Sat, Oct 21, 2017",8:00p,Dallas Mavericks,91,Houston Rockets,107,Box Score,,18055,
"Sat, Oct 21, 2017",8:00p,Golden State Warriors,101,Memphis Grizzlies,111,Box Score,,17794,
"Sat, Oct 21, 2017",8:00p,Indiana Pacers,108,Miami Heat,112,Box Score,,19600,
"Sat, Oct 21, 2017",8:00p,Detroit Pistons,111,New York Knicks,107,Box Score,,19812,
"Sat, Oct 21, 2017",8:30p,Portland Trail Blazers,110,Milwaukee Bucks,113,Box Score,,16211,
"Sat, Oct 21, 2017",9:00p,Sacramento Kings,79,Denver Nuggets,96,Box Score,,19520,
"Sat, Oct 21, 2017",9:00p,Oklahoma City Thunder,87,Utah Jazz,96,Box Score,,18300,
"Sat, Oct 21, 2017",10:30p,Phoenix Suns,88,Los Angeles Clippers,130,Box Score,,19068,
"Sun, Oct 22, 2017",3:30p,Atlanta Hawks,104,Brooklyn Nets,116,Box Score,,13917,
"Sun, Oct 22, 2017",7:00p,Minnesota Timberwolves,115,Oklahoma City Thunder,113,Box Score,,18203,
"Sun, Oct 22, 2017",9:30p,New Orleans Pelicans,119,Los Angeles Lakers,112,Box Score,,18997,
Date,Start (ET),Visitor/Neutral,PTS,Home/Neutral,PTS,,,Attend.,Notes
"Mon, Oct 23, 2017",7:00p,Philadelphia 76ers,97,Detroit Pistons,86,Box Score,,13709,
"Mon, Oct 23, 2017",7:30p,Atlanta Hawks,93,Miami Heat,104,Box Score,,19600,
"Mon, Oct 23, 2017",8:00p,Memphis Grizzlies,98,Houston Rockets,90,Box Score,,17129,
"Mon, Oct 23, 2017",8:00p,Charlotte Hornets,94,Milwaukee Bucks,103,Box Score,,12887,
"Mon, Oct 23, 2017",8:30p,Golden State Warriors,133,Dallas Mavericks,103,Box Score,,19875,
"Mon, Oct 23, 2017",8:30p,Toronto Raptors,97,San Antonio Spurs,101,Box Score,,18418,
"Mon, Oct 23, 2017",9:00p,Washington Wizards,109,Denver Nuggets,104,Box Score,,14294,
"Mon, Oct 23, 2017",10:00p,Sacramento Kings,115,Phoenix Suns,117,Box Score,,14903,
"Tue, Oct 24, 2017",7:00p,Chicago Bulls,112,Cleveland Cavaliers,119,Box Score,,20562,
"Tue, Oct 24, 2017",7:00p,Brooklyn Nets,121,Orlando Magic,125,Box Score,,16015,
"Tue, Oct 24, 2017",7:30p,New York Knicks,89,Boston Celtics,110,Box Score,,18624,
"Tue, Oct 24, 2017",8:00p,Indiana Pacers,130,Minnesota Timberwolves,107,Box Score,,14353,
"Tue, Oct 24, 2017",10:00p,New Orleans Pelicans,93,Portland Trail Blazers,103,Box Score,,19446,
"Tue, Oct 24, 2017",10:30p,Utah Jazz,84,Los Angeles Clippers,102,Box Score,,16607,
"Wed, Oct 25, 2017",7:00p,Denver Nuggets,93,Charlotte Hornets,110,Box Score,,14253,
"Wed, Oct 25, 2017",7:00p,Minnesota Timberwolves,101,Detroit Pistons,122,Box Score,,13790,
"Wed, Oct 25, 2017",7:00p,Houston Rockets,105,Philadelphia 76ers,104,Box Score,,20682,
"Wed, Oct 25, 2017",7:30p,Cleveland Cavaliers,107,Brooklyn Nets,112,Box Score,,17732,
"Wed, Oct 25, 2017",8:00p,San Antonio Spurs,117,Miami Heat,100,Box Score,,19600,
"Wed, Oct 25, 2017",8:00p,Indiana Pacers,96,Oklahoma City Thunder,114,Box Score,,18203,
Date,Start (ET),Visitor/Neutral,PTS,Home/Neutral,PTS,,,Attend.,Notes
"Wed, Oct 25, 2017",8:30p,Memphis Grizzlies,94,Dallas Mavericks,103,Box Score,,19674,
"Wed, Oct 25, 2017",10:00p,Utah Jazz,88,Phoenix Suns,97,Box Score,,16022,
"Wed, Oct 25, 2017",10:30p,Toronto Raptors,112,Golden State Warriors,117,Box Score,,19596,
"Wed, Oct 25, 2017",10:30p,Washington Wizards,99,Los Angeles Lakers,102,Box Score,OT,18996,
"Thu, Oct 26, 2017",8:00p,Atlanta Hawks,86,Chicago Bulls,91,Box Score,,21104,
"Thu, Oct 26, 2017",8:00p,Dallas Mavericks,91,Memphis Grizzlies,96,Box Score,,15839,
"Thu, Oct 26, 2017",8:00p,Boston Celtics,96,Milwaukee Bucks,89,Box Score,,11046,
"Thu, Oct 26, 2017",10:00p,Los Angeles Clippers,104,Portland Trail Blazers,103,Box Score,,18694,
"Thu, Oct 26, 2017",10:30p,New Orleans Pelicans,114,Sacramento Kings,106,Box Score,,17583,
"Fri, Oct 27, 2017",7:00p,Houston Rockets,109,Charlotte Hornets,93,Box Score,,17339,
"Fri, Oct 27, 2017",7:00p,San Antonio Spurs,87,Orlando Magic,114,Box Score,,17337,
"Fri, Oct 27, 2017",7:30p,Denver Nuggets,105,Atlanta Hawks,100,Box Score,,16220,
"Fri, Oct 27, 2017",7:30p,Brooklyn Nets,86,New York Knicks,107,Box Score,,19812,
"Fri, Oct 27, 2017",8:00p,Oklahoma City Thunder,116,Minnesota Timberwolves,119,Box Score,,17620,
"Fri, Oct 27, 2017",10:30p,Washington Wizards,117,Golden State Warriors,120,Box Score,,19596,
"Fri, Oct 27, 2017",10:30p,Toronto Raptors,101,Los Angeles Lakers,92,Box Score,,17876,
"Sat, Oct 28, 2017",7:00p,Cleveland Cavaliers,101,New Orleans Pelicans,123,Box Score,,18539,
"Sat, Oct 28, 2017",8:00p,Oklahoma City Thunder,101,Chicago Bulls,69,Box Score,,21706,
"Sat, Oct 28, 2017",8:00p,Houston Rockets,89,Memphis Grizzlies,103,Box Score,,17033,
"Sat, Oct 28, 2017",8:00p,Boston Celtics,96,Miami Heat,90,Box Score,,19600,
Date,Start (ET),Visitor/Neutral,PTS,Home/Neutral,PTS,,,Attend.,Notes
"Sat, Oct 28, 2017",8:30p,Philadelphia 76ers,112,Dallas Mavericks,110,Box Score,,19567,
"Sat, Oct 28, 2017",9:00p,Los Angeles Lakers,81,Utah Jazz,96,Box Score,,18306,
"Sat, Oct 28, 2017",10:00p,Phoenix Suns,107,Portland Trail Blazers,114,Box Score,,19343,
"Sat, Oct 28, 2017",10:30p,Detroit Pistons,95,Los Angeles Clippers,87,Box Score,,17247,
"Sun, Oct 29, 2017",3:30p,Milwaukee Bucks,117,Atlanta Hawks,106,Box Score,,14014,
"Sun, Oct 29, 2017",4:30p,San Antonio Spurs,94,Indiana Pacers,97,Box Score,,15013,
"Sun, Oct 29, 2017",6:00p,Denver Nuggets,124,Brooklyn Nets,111,Box Score,,14854,
"Sun, Oct 29, 2017",6:00p,Orlando Magic,113,Charlotte Hornets,120,Box Score,,15531,
"Sun, Oct 29, 2017",6:00p,Washington Wizards,110,Sacramento Kings,83,Box Score,,17583,
"Sun, Oct 29, 2017",7:00p,New York Knicks,114,Cleveland Cavaliers,95,Box Score,,20562,
"Sun, Oct 29, 2017",8:30p,Detroit Pistons,115,Golden State Warriors,107,Box Score,,19596,
"Mon, Oct 30, 2017",7:30p,San Antonio Spurs,94,Boston Celtics,108,Box Score,,18624,
"Mon, Oct 30, 2017",7:30p,Minnesota Timberwolves,125,Miami Heat,122,Box Score,OT,19600,
"Mon, Oct 30, 2017",7:30p,Denver Nuggets,110,New York Knicks,116,Box Score,,19812,
"Mon, Oct 30, 2017",8:00p,Philadelphia 76ers,115,Houston Rockets,107,Box Score,,16714,
"Mon, Oct 30, 2017",8:00p,Charlotte Hornets,104,Memphis Grizzlies,99,Box Score,,15771,
"Mon, Oct 30, 2017",8:00p,Orlando Magic,115,New Orleans Pelicans,99,Box Score,,14004,
"Mon, Oct 30, 2017",9:00p,Dallas Mavericks,89,Utah Jazz,104,Box Score,,16221,
"Mon, Oct 30, 2017",10:00p,Toronto Raptors,99,Portland Trail Blazers,85,Box Score,,18505,
"Mon, Oct 30, 2017",10:30p,Golden State Warriors,141,Los Angeles Clippers,113,Box Score,,19068,
"Tue, Oct 31, 2017",7:00p,Sacramento Kings,83,Indiana Pacers,101,Box Score,,12245,
"Tue, Oct 31, 2017",7:30p,Phoenix Suns,122,Brooklyn Nets,114,Box Score,,12936,
"Tue, Oct 31, 2017",8:00p,Oklahoma City Thunder,110,Milwaukee Bucks,91,Box Score,,16713,
"Tue, Oct 31, 2017",10:30p,Detroit Pistons,93,Los Angeles Lakers,113,Box Score,,17569,
